<?xml version="1.0"?>
<!--
  ~                       ######
  ~                       ######
  ~ ############    ####( ######  #####. ######  ############   ############
  ~ #############  #####( ######  #####. ######  #############  #############
  ~        ######  #####( ######  #####. ######  #####  ######  #####  ######
  ~ ###### ######  #####( ######  #####. ######  #####  #####   #####  ######
  ~ ###### ######  #####( ######  #####. ######  #####          #####  ######
  ~ #############  #############  #############  #############  #####  ######
  ~  ############   ############  #############   ############  #####  ######
  ~                                      ######
  ~                               #############
  ~                               ############
  ~
  ~ Adyen PrestaShop plugin
  ~
  ~ @author Adyen BV <support@adyen.com>
  ~ @copyright (c) 2020 Adyen B.V.
  ~ @license https://opensource.org/licenses/MIT MIT license
  ~ This file is open source and available under the MIT license.
  ~ See the LICENSE file for more info.
  -->

<ruleset xmlns:xsi="http://www.w3.org/2001/XMLSchema-instance" name="PHP_CodeSniffer"
         xsi:noNamespaceSchemaLocation="https://raw.githubusercontent.com/squizlabs/PHP_CodeSniffer/master/phpcs.xsd">
    <exclude-pattern>vendor/*</exclude-pattern>

    <file>.</file>

    <arg name="basepath" value="."/>
    <arg name="ignore" value="./tests"/>
    <arg name="colors"/>
    <arg name="parallel" value="75"/>
    <arg value="p"/>
    
    <rule ref="PSR2">
        <exclude-pattern>*.js</exclude-pattern>
    </rule>
</ruleset>